epoch,accuracy,learning_rate,loss,val_accuracy,val_loss
0,0.9677083492279053,9.999999747378752e-06,0.12927037477493286,0.9958333373069763,0.02130788564682007
1,0.984375,9.999999747378752e-06,0.05870600417256355,1.0,0.010174116119742393
2,0.9937499761581421,9.999999747378752e-06,0.03450096398591995,1.0,0.006209003273397684
3,0.9989583492279053,4.999999873689376e-06,0.018490184098482132,0.9958333373069763,0.013112262822687626
4,0.9958333373069763,4.999999873689376e-06,0.020317317917943,0.9958333373069763,0.016668742522597313
5,0.9979166388511658,4.999999873689376e-06,0.017242562025785446,0.9958333373069763,0.010135523043572903
